Model,Precision,Recall,F1,ROC-AUC
Gaussian Naive Bayes,0.11718870942773105,0.9700982486117044,0.20911602209944752,0.5956359767737706
XGBoost,0.17610642781875657,0.571123451516446,0.2692036645525018,0.6443222331739924
Logistic Regression,0.18073878627968337,0.5266979923109782,0.26912583215104224,0.6546918096546858
CatBoost,0.18617703656189866,0.4959419051687313,0.2707240293809024,0.6469231818215339
Decision Tree,0.14755197853789404,0.18795386586928664,0.16532030809693782,0.5225041780563888
Random Forest,0.4010152284263959,0.03374626228107646,0.062253743104806934,0.6566371854453146
